{"cameraMode":{"drawMode":0,"name":"Shaded","section":"Shading Mode"},"sceneLighting":false,"audioPlay":false,"sceneViewState":{"m_AlwaysRefresh":false,"showFog":true,"showSkybox":false,"showFlares":true,"showImageEffects":true,"showParticleSystems":true,"showVisualEffectGraphs":true,"m_FxEnabled":true},"in2DMode":false,"pivot":{"x":2.380000114440918,"y":-2.319999933242798,"z":-1.4800000190734864},"rotation":{"x":-0.0006311582983471453,"y":-0.9945880770683289,"z":0.10391057282686234,"w":-0.005969684571027756},"size":7.119616985321045,"orthographic":false}